{"cameraMode":{"drawMode":0,"name":"Shaded","section":"Shading Mode"},"sceneLighting":true,"audioPlay":false,"sceneViewState":{"m_AlwaysRefresh":false,"showFog":true,"showSkybox":true,"showFlares":true,"showImageEffects":true,"showParticleSystems":true,"showVisualEffectGraphs":true,"m_FxEnabled":true},"in2DMode":false,"pivot":{"x":0.12480008602142334,"y":-3.4173412322998049,"z":4.638394355773926},"rotation":{"x":0.43032604455947878,"y":0.13107767701148988,"z":-0.06332886964082718,"w":0.8908680081367493},"size":3.506335973739624,"orthographic":false}